tweet-id,timestamp,likes,replies,retweets,text
1115251294006960128,2019-04-08 13:53:23,2,0,2,"Android Q Beta 2 Integrates iOS-like 3D-touch feature called ‘Deep Press’

#androidq #androidbeta #datafusion7525 #3dtouch #deeppress #ios #featurepic.twitter.com/lTqPIvjYGq"
1114808980365246465,2019-04-07 08:35:47,0,0,0,"https://www.madovermobiles.com/post/android-beta-2-official-update-new-features …

Android Q Beta 2 update is here!Check out my Blog for Details of All new Features 
#android #google #androidbeta #androidQbeta2 #androidq #googlepixel3 #pixel4 #oneplus #smartphone #samsung #SamsungGalaxyS10Plus #apple #xiaomi #honor #redmi #mi #huaweipic.twitter.com/mkqXHuCXPl"
1114264796164182016,2019-04-05 20:33:24,0,0,0,Android 9 Pie beta arrives for OnePlus 3 and 3T in China #AMERİCA #ANDROİD #Android9 #AndroidBeta #Canada #featured #news #OnePlus #OnePlus3 #technews #Technology https://www.techannels.com/android-9-pie-beta-arrives-for-oneplus-3-and-3t-in-china/ …pic.twitter.com/r9xzyTosC1
1109194540949204992,2019-03-22 20:46:01,2,0,0,Waiting on that @SparkMailApp #androidbeta invite as patiently as possible pic.twitter.com/6RzLnQssDD
1116056797289304064,2019-04-10 19:14:10,0,0,0,Was just thinking about reverting #AndroidBeta to a stable build. Lots of wonkiness. Hopefully this helps. #AndroidQ #Android10 #madebygoogle #Pixel3 #teampixelpic.twitter.com/Dj25byXFTv
1111623081917906946,2019-03-29 13:36:10,3,0,0,"#WhatsApp #FingerprintAuthentication #Feature Testing Begins For @Android Beta Version!!
@WhatsApp #AndroidBeta #WhatsAppSecurityhttps://www.latestly.com/technology/whatsapp-fingerprint-authentication-feature-testing-begins-for-android-beta-version-report-723859.html …"
1110772611674324992,2019-03-27 05:16:42,0,1,0,Can they change the location of the RESET button millimetres away from SCREENSHOT @madebygoogle I've reset my phone at many critical moments #androidbeta
1110526300878458885,2019-03-26 12:57:57,0,0,0,"What all is there in Android Q beta version? Ask #techugo team further.
https://bit.ly/2LaafBn 
#android #androidbeta #googlebetatesting #androidapp #successfulandroidapp #WHO #HealthWithTech"
1113595533615087617,2019-04-04 00:13:59,0,0,0,What's New in Android Q Beta 2? (Updating List) - Droid Life https://www.droid-life.com/2019/04/03/whats-new-in-android-q-beta-2-updating-list/ … Watch #Video on #AndroidQ #AndroidBeta
1113514201207562241,2019-04-03 18:50:48,7,2,4,"Android Q Beta 2 is now available for the Pixel devices with some minor improvements and bug fixes.  #AndroidQ #AndroidBeta #TeamPixel

Read about what has been changed over here: https://www.reddit.com/r/android_beta/comments/b90uvx/android_q_beta_2_now_available/?utm_medium=android_app&utm_source=share …pic.twitter.com/54DM4Bncs6"
1093166803893796865,2019-02-06 15:17:30,1,0,1,I just published Wavyn - Your Safety Driver Assistant. https://link.medium.com/X2jz0eaC5T  #ADAS #safedriving #behaviorchange #publichealth #safetydriving #androidbeta
1093079348888911872,2019-02-06 09:29:59,0,0,0,"'About Phone' becomes a top-level setting with the February security update https://hubs.ly/H0gtyzk0 
#AndroidTricks #PrintingApp #Photography @khouryrt @AndroidUpdates @androidnewsjnk @MyAndroidCell @androidbeta @AndroidNewsCL @AndroidNews2013"
1091900407524282368,2019-02-03 03:25:18,0,0,1,"Check out my live stream: 'Rogue Agents beta Stream' at https://gaming.youtube.com/c/MandalorianGaming/live …
#rogueagentsbeta #rogueagents #androidbeta #betagameplay #androidgaming #android"
1091899228715126784,2019-02-03 03:20:37,0,0,0,"Check out my live stream: 'rogue agents beta ' at https://gaming.youtube.com/c/MandalorianGaming/live …
#androidgame #rogueagents #pubgames #androidbeta #rogueagents #rougeagentsbeta #pubmobile #retweet #pubgchickendinner #pubgbeta #pubgmobileteamforce #pubgmoments #pubgclips #retweet #pubgmobileteamshadow"
1118269678491664384,2019-04-16 21:47:22,2,0,0,"I tried #AndroidBeta, I really tried. But location not working, Android Auto being even MORE of a #PITA, among other small quirks just doesn't do it for my day to day. They even tell you that. I need stability."
1097607882504265728,2019-02-18 21:24:46,0,0,0,Relationships are complicated.  See how people voted at https://play.google.com/store/apps/details?id=com.qoopandroidapp … #relationships #bff #socialmedia #gamified #app #vote #poll #askaquestion #androidbeta pic.twitter.com/uywjlEKpdk
1103773406569381892,2019-03-07 21:44:21,0,0,0,"New home of the @Android Beta
https://www.reddit.com/r/android_beta/ 
#AndroidBeta #AndroidQ"
1102987432570556417,2019-03-05 17:41:11,7,3,0,It's happening!!! @RuneScape #androidbeta pic.twitter.com/BRqYcZSR6O
1090781592128290817,2019-01-31 01:19:31,0,0,0,"30mins of Rogue Agents gameplay, keep in mind that this is beta footage and does not necessarily represent final footage. @_MidnightGames
https://youtu.be/hgemD7g93S0 
#rogueagents #androidgameplay #androidbeta #rogueagentsbeta #midnightgames"
1107248663456301057,2019-03-17 11:53:47,0,0,0,"Google Releases Android Q Beta for Developers, Early Adopters.

If you have a Google Pixel device, you can enroll it in Google's Android Beta for Pixel program to try out the Android Q Beta!

#google #googlepixel #techupdates #androidbeta
https://uk.pcmag.com/google-pixel-3-xl/120079/google-releases-android-q-beta-for-developers-early-adopters …"
1106987627687739393,2019-03-16 18:36:31,0,0,0,"[AndroidQ Beta1 Feature] Screen Recording option & Notch, Rounded Corners are included in Screenshot
https://www.vicshacks.com/google/androidq-beta1-features-screen-recording-option-notch-rounded-corners-are-included-in-screenshot/ …
#AndroidQ #AndroidBeta #Googlepic.twitter.com/GDO2CutWLd"
1106572129376493568,2019-03-15 15:05:29,4,0,1,"#Google launched the #Android Q  for the first time under the Android #Beta #program. These are some #features that you will find out in Android Q. 
http://bit.ly/2XWQeC9 
#AndroidDev #AndroidQ #Androidgames #androidpie #GoogleDoodle #androidbeta"
1106516937482358784,2019-03-15 11:26:10,0,0,0,"WhatsApp for Android Beta Spotted With In-App Browser
:
#whatsapp #android #androidbeta #techinpost @Android @WhatsApppic.twitter.com/zL1QR98JpA"
1106465614049079296,2019-03-15 08:02:14,6,1,3,"In #AndroidQ, the search bar design changes with Icon designs. #AndroidBeta
@9to5Google @manishrath07 @askrmnkpic.twitter.com/XRwgmarliK"
1106217870264926208,2019-03-14 15:37:47,1,1,0,"I typically install #AndroidBeta builds on my primary device for the #NewHotness but I find that spoils me for the public release.

So, this time I'll try to use it on just my tertiary device, a #PixelXL so I don't get as used to it...

#AndroidQ
@Google @Android @madebygooglepic.twitter.com/2xrtt7fUSh"
1106213552463859713,2019-03-14 15:20:38,0,0,0,#AndroidQ #AndroidBeta Feeling grateful for Google's change of decision to extend future OS update to the first gen Pixel phones. My old Pixel XL can get enrolled in the Android Q version now. But I'm sure there will be compatibility issues with certain outdated apps. pic.twitter.com/PDFDfN3zy8
1106170627478745088,2019-03-14 12:30:03,0,0,0,"#AndroidQBeta Released and available for download on the #Google #Pixel, Google Pixel XL, Google Pixel 2, Google Pixel 2 XL, Google Pixel 3, or Google Pixel 3 XL devices.

#Android #AndroidQ #AndroidBeta #technews #technology #techcresendohttps://techcresendo.com/2019/03/14/android-q-beta-released-on-all-google-pixel-models/ …"
1106170340286386176,2019-03-14 12:28:55,3,0,1,"#AndroidQBeta Released and available for download on the #Google #Pixel, Google Pixel XL, Google Pixel 2, Google Pixel 2 XL, Google Pixel 3, or Google Pixel 3 XL devices.

#Android #AndroidQ #AndroidBeta #technews #technology #techcresendo
https://techcresendo.com/2019/03/14/android-q-beta-released-on-all-google-pixel-models/ …"
1106104200516329472,2019-03-14 08:06:06,0,0,0,"Android Q Beta is here! 
#android #androidq #google #beta #androidbetaprogram #androidbeta https://www.instagram.com/p/Bu-z0L7n4Z7/?utm_source=ig_twitter_share&igshid=1xf8b38tqrvzj …"
1106076804492734464,2019-03-14 06:17:14,3,0,2,Google has announced the Android Q developer preview. #google #android #datafusion7525 #developers #androidq #pixel3 #pixel3xl #googledevice #devloperpreview #preview #androidupdate #newandroid #pixel2 #pixel2xl #smartphone #androidos #androidbeta #betapic.twitter.com/o9PBro2xhe
1106037172438745088,2019-03-14 03:39:45,0,0,0,"Yep! I did it! I enrolled in #androidbeta for #AndroidQ and installed on my primary phone! Been using it for last couple of hours and it's been amazing! Will update in couple of days on if it's stable....

Oh, by the way, be sure to reset your phone after you install Q!pic.twitter.com/PSnmIZPTLt"
1106023056093384704,2019-03-14 02:43:40,0,0,0,I just can't help myself. #Android #androidq #androidbeta #Pixel3pic.twitter.com/p7gmcZjJOJ
1106014771894149121,2019-03-14 02:10:45,2,0,0,"#AndroidBeta #AndroidQ @Android 
High hopes for the new update. 

Don't disappoint @Android.pic.twitter.com/lpaDIrFZOL"
1105932885989777408,2019-03-13 20:45:21,0,0,0,"For the fourth consecutive year, Google is providing an early look at the next major version of its mobile operatin...
#News #AndroidQ #Pixel #Google #AndroidBeta #XL #UI #AndroidEmulator #DynamicDepth #WiFi #Betas #Audio #IMEI #Reddit #NFC #AR #JPEGhttps://thenewshook.com/results.php?q=aHR0cHM6Ly85dG81Z29vZ2xlLmNvbS8yMDE5LzAzLzEzL2FuZHJvaWQtcS1iZXRhLWxhdW5jaC8=&image=aHR0cHM6Ly85dG81Z29vZ2xlLmNvbS93cC1jb250ZW50L3VwbG9hZHMvc2l0ZXMvNC8yMDE5LzAzL2FuZHJvaWRfcV8xLmpwZz9xdWFsaXR5PTgyJnN0cmlwPWFsbCZ3PTE2MDA=&pub=9to5google.com&des=For+the+fourth+consecutive+year%2C+Google+is+providing+an+early+look+at+the+next+major+version+of+its+mobile+operating+system.+The+Android+Q+Beta+today+reveals+an+improved+permissions+privacy+that+wi%E2%80%A6&title=Google+launches+Android+Q+Beta+1+for+all+Pixel+phones+-+9to5Google&pubDate=2019-03-13T19:54:37Z …"
1105921825450520576,2019-03-13 20:01:24,4,0,4,#AndroidQ Beta 1 is out for Pixel devices. Time to check it out!  #TeamPixel #Android #AndroidBeta pic.twitter.com/nl0uJYPiUv
1105918051617251328,2019-03-13 19:46:25,0,0,0,Finally! #AndroidQ #AndroidPixelBeta #AndroidBeta #Androidpic.twitter.com/V7SVW0pDH7
1105818070394724352,2019-03-13 13:09:07,10,2,1,"Someone already got Android Q Beta (Preview 1)

#AndroidQ #AndroidBeta #Androidpic.twitter.com/V8bLIHslNO"
1105763157027549184,2019-03-13 09:30:55,0,0,0,"WhatsApp, Updated Android Beta App: Here's What's New #AMERİCA #AndroidBeta #Canada #featured #ios #lg #new #nokia #Samsung #sony #techannels #technews #techno #Technology #WhatsApp #WhatsAppbeta #WhatsAppupdates https://www.techannels.com/whatsapp-updated-android-beta-app-heres-whats-new/ …pic.twitter.com/YtMJRbPJOj"
1105214556819750912,2019-03-11 21:10:58,0,0,0,"Still waiting for #androidq #androidbeta from @google. Any extremely vague eta you can give us that isn't: ""a release date isn't available ATM"""
1105106418045276161,2019-03-11 14:01:16,0,1,0,"Android Q Beta to Be Available to More Smartphones, May Release Today. 
#androidQ #androidbeta"
1105100123577729024,2019-03-11 13:36:15,1,0,0,"Android Q Beta to Be Available to More Smartphones, May Release Today. 
#androidq #androidbeta

Raed More:https://thenews45.blogspot.com/2019/03/android-q-beta-to-be-available-to-more.html?m=1 …pic.twitter.com/ANv0My6lbA"
1104996607941062657,2019-03-11 06:44:55,1,0,2,"Android Q is on the roads! Here is all you need to know about Google's Android Q beta release.https://buff.ly/2UrcLEF 
#Android #androidpie #AndroidQ #AndroidDev #Google #GoogleNext19 #GoogleAndroid #AndroidBeta"
1104376990491017217,2019-03-09 13:42:47,4,0,1,The Android Beta community moves from Google+ to Reddit #Android #AndroidBeta https://www.gizchina.com/2019/03/09/the-android-beta-community-moves-from-google-to-reddit/ …pic.twitter.com/TplWn4L36s
1104306225049677824,2019-03-09 09:01:35,0,0,0,#AndroidBeta community ditches dying Google+ for Reddit https://9to5google.com/2019/03/08/android-beta-community-reddit-google/ …
